{"KNN_F1":0.406407428878736,"LogisticRegression_Recall":0.411214953271028,"_step":5,"XGBoost_F1":0.5184461904637825,"RandomForest_Precision":0.5313420897533047,"LogisticRegression_Precision":0.4211500337668562,"KNN_Recall":0.4392523364485981,"KNN_Precision":0.471275944722694,"XGBoost_Recall":0.5420560747663551,"RandomForest_Accuracy":0.514018691588785,"RCC_n5_best_accuracy":0.5794392523364486,"RandomForest_Recall":0.514018691588785,"RCC_n13_best_accuracy":0.616822429906542,"LogisticRegression_F1":0.41085458911910694,"_timestamp":1.7452588785656312e+09,"SVM_Accuracy":0.48598130841121495,"SVM_F1":0.4756255952517635,"_wandb":{"runtime":284},"XGBoost_Precision":0.5217719277786984,"SVM_Recall":0.48598130841121495,"RCC_n7_best_accuracy":0.5981308411214953,"SVM_Precision":0.4743308963347445,"XGBoost_Accuracy":0.5420560747663551,"feature_dim":180,"RCC_n15_best_accuracy":0.5420560747663551,"_runtime":284.6184086,"RCC_n11_best_accuracy":0.5514018691588785,"RandomForest_F1":0.47811534260132393,"feature_type":"RCC","rcc_segments":15,"KNN_Accuracy":0.4392523364485981,"LogisticRegression_Accuracy":0.411214953271028,"RCC_n9_best_accuracy":0.5700934579439252}