{"RandomForest_Precision":0.47985858748706545,"RandomForest_Accuracy":0.45794392523364486,"LogisticRegression_Recall":0.4485981308411215,"XGBoost_F1":0.44752382367380067,"KNN_Recall":0.42990654205607476,"_step":2,"RandomForest_F1":0.39603197876070473,"SVM_Accuracy":0.514018691588785,"LogisticRegression_Precision":0.4855195816644414,"LogisticRegression_Accuracy":0.4485981308411215,"_wandb":{"runtime":17},"MFCC_n10_best_accuracy":0.5607476635514018,"MFCC_n15_best_accuracy":0.514018691588785,"KNN_Precision":0.4448348491317865,"RandomForest_Recall":0.45794392523364486,"SVM_F1":0.5034904686265921,"XGBoost_Accuracy":0.45794392523364486,"KNN_Accuracy":0.42990654205607476,"feature_type":"MFCC","SVM_Recall":0.514018691588785,"MFCC_n5_best_accuracy":0.5327102803738317,"LogisticRegression_F1":0.45049300557224176,"XGBoost_Recall":0.45794392523364486,"_runtime":17.0855957,"SVM_Precision":0.5424336521092982,"n_segments":15,"KNN_F1":0.3954858636263013,"_timestamp":1.7452567709534411e+09,"XGBoost_Precision":0.48573552615608684,"feature_dim":585}