{"KNN_F1":0.406407428878736,"XGBoost_Accuracy":0.5420560747663551,"SVM_Accuracy":0.5046728971962616,"_wandb":{"runtime":62},"Combined_best_accuracy":0.5420560747663551,"gvv_dim":25,"XGBoost_Precision":0.526205791257439,"RandomForest_F1":0.47959867645061943,"rcc_dim":180,"RandomForest_Recall":0.5233644859813084,"LogisticRegression_Accuracy":0.4672897196261682,"SVM_F1":0.49298580120236024,"dataset_size":535,"XGBoost_F1":0.5235737812140215,"feature_type":"Combined","LogisticRegression_Recall":0.4672897196261682,"RandomForest_Accuracy":0.5233644859813084,"XGBoost_Recall":0.5420560747663551,"mfcc_dim":585,"RandomForest_Precision":0.6158010214084981,"LogisticRegression_Precision":0.49085168575801397,"lp_dim":60,"total_dim":850,"_timestamp":1.745257785397723e+09,"SVM_Precision":0.4924575762852886,"KNN_Accuracy":0.4392523364485981,"_step":0,"KNN_Recall":0.4392523364485981,"KNN_Precision":0.471275944722694,"SVM_Recall":0.5046728971962616,"_runtime":62.1851051,"LogisticRegression_F1":0.4647754664247243}