{"GVV_n25_best_accuracy":0.3364485981308411,"feature_dim":95,"LogisticRegression_Precision":0.26605329719797777,"RandomForest_F1":0.28058867762380496,"KNN_Recall":0.22429906542056074,"GVV_n5_best_accuracy":0.3364485981308411,"GVV_n55_best_accuracy":0.35514018691588783,"GVV_n65_best_accuracy":0.35514018691588783,"GVV_n75_best_accuracy":0.38317757009345793,"_timestamp":1.7452590547869122e+09,"KNN_Accuracy":0.22429906542056074,"XGBoost_F1":0.3160295848027577,"_runtime":33.8491399,"SVM_F1":0.24054911334514523,"KNN_F1":0.19868941576350724,"LogisticRegression_Accuracy":0.27102803738317754,"GVV_n85_best_accuracy":0.37383177570093457,"_step":9,"LogisticRegression_Recall":0.27102803738317754,"XGBoost_Accuracy":0.34579439252336447,"XGBoost_Recall":0.34579439252336447,"SVM_Precision":0.23782171071022667,"XGBoost_Precision":0.3212725078932654,"SVM_Recall":0.2523364485981308,"SVM_Accuracy":0.2523364485981308,"RandomForest_Precision":0.3273208182209658,"_wandb":{"runtime":33},"GVV_n35_best_accuracy":0.3644859813084112,"KNN_Precision":0.22318760905418647,"LogisticRegression_F1":0.25356272827410814,"GVV_n45_best_accuracy":0.35514018691588783,"RandomForest_Accuracy":0.34579439252336447,"feature_type":"GVV","RandomForest_Recall":0.34579439252336447,"GVV_n15_best_accuracy":0.40186915887850466,"GVV_n95_best_accuracy":0.34579439252336447,"gvv_segments":95}