{"_wandb":{"runtime":29},"KNN_F1":0.2452111630900741,"SVM_F1":0.27796491578789545,"_step":8,"RandomForest_F1":0.2930692028730909,"RandomForest_Precision":0.32963395638629284,"RandomForest_Accuracy":0.35514018691588783,"feature_type":"GVV","KNN_Accuracy":0.2897196261682243,"GVV_n35_best_accuracy":0.3644859813084112,"_timestamp":1.7452575976769714e+09,"LogisticRegression_Accuracy":0.34579439252336447,"GVV_n5_best_accuracy":0.3364485981308411,"GVV_n20_best_accuracy":0.35514018691588783,"GVV_n15_best_accuracy":0.40186915887850466,"SVM_Accuracy":0.29906542056074764,"_runtime":29.4773296,"XGBoost_Recall":0.2897196261682243,"SVM_Precision":0.28749137694987065,"SVM_Recall":0.29906542056074764,"GVV_n30_best_accuracy":0.3644859813084112,"KNN_Recall":0.2897196261682243,"LogisticRegression_F1":0.31577149347121275,"XGBoost_F1":0.2587073058502984,"LogisticRegression_Precision":0.3047653555899845,"LogisticRegression_Recall":0.34579439252336447,"RandomForest_Recall":0.35514018691588783,"GVV_n40_best_accuracy":0.34579439252336447,"XGBoost_Precision":0.2566212267146847,"gvv_segments":45,"GVV_n45_best_accuracy":0.35514018691588783,"GVV_n10_best_accuracy":0.3925233644859813,"KNN_Precision":0.25029409842493955,"XGBoost_Accuracy":0.2897196261682243,"feature_dim":45,"GVV_n25_best_accuracy":0.3364485981308411}