{"SVM_Precision":0.43849839001020974,"_step":5,"RandomForest_F1":0.40119083066964756,"LogisticRegression_F1":0.4662276991648261,"RCC_n10_best_accuracy":0.5887850467289719,"RandomForest_Recall":0.4485981308411215,"KNN_Accuracy":0.4485981308411215,"rcc_segments":30,"_runtime":228.1543571,"RCC_n5_best_accuracy":0.5794392523364486,"RandomForest_Precision":0.4515670342569976,"SVM_F1":0.4351734576583394,"XGBoost_Recall":0.4953271028037383,"RCC_n15_best_accuracy":0.5420560747663551,"_wandb":{"runtime":228},"RandomForest_Accuracy":0.4485981308411215,"KNN_F1":0.4023811810565162,"RCC_n25_best_accuracy":0.5607476635514018,"XGBoost_Accuracy":0.4953271028037383,"LogisticRegression_Accuracy":0.4766355140186916,"RCC_n20_best_accuracy":0.4953271028037383,"KNN_Precision":0.41041046181233093,"SVM_Accuracy":0.4485981308411215,"XGBoost_F1":0.4636593367798267,"LogisticRegression_Recall":0.4766355140186916,"KNN_Recall":0.4485981308411215,"LogisticRegression_Precision":0.4788454920686149,"_timestamp":1.7452572368673232e+09,"SVM_Recall":0.4485981308411215,"feature_type":"RCC","XGBoost_Precision":0.4525551413951634,"RCC_n30_best_accuracy":0.4953271028037383,"feature_dim":360}