{"XGBoost_Accuracy":0.4485981308411215,"KNN_Recall":0.308411214953271,"KNN_F1":0.25749789843247783,"XGBoost_Precision":0.4762487080244089,"SVM_Accuracy":0.2616822429906542,"SVM_Precision":0.2986333809360256,"LogisticRegression_Precision":0.31014502094747026,"LogisticRegression_Recall":0.2897196261682243,"LogisticRegression_Accuracy":0.2897196261682243,"RandomForest_Recall":0.45794392523364486,"SVM_Recall":0.2616822429906542,"feature_type":"LP_Residual","RandomForest_Precision":0.4477743829379343,"RandomForest_F1":0.41240353129633434,"KNN_Accuracy":0.308411214953271,"KNN_Precision":0.24679443592488645,"_step":1,"feature_dim":40,"_runtime":40.5679056,"XGBoost_Recall":0.4485981308411215,"lp_segments":40,"RandomForest_Accuracy":0.45794392523364486,"LP_n20_best_accuracy":0.4392523364485981,"LP_n40_best_accuracy":0.45794392523364486,"XGBoost_F1":0.42324296731222594,"SVM_F1":0.1935767328719108,"LogisticRegression_F1":0.249726691311891,"_wandb":{"runtime":56},"_timestamp":1.7452575507418985e+09}