{"SVM Precision":0.4422315223717093,"n_segments":95,"GMM Precision":0.1412471225555338,"_wandb":{"runtime":185},"SVM Recall":0.4485981308411215,"_runtime":185.3634015,"GMM Accuracy":0.14953271028037382,"GMM F1 Score":0.14257362219038047,"GMM Recall":0.14953271028037382,"SVM Accuracy":0.4485981308411215,"SVM F1 Score":0.4351152388491232,"_step":18,"_timestamp":1.7452541144513474e+09}