{"LP_n20_best_accuracy":0.4392523364485981,"LP_n40_best_accuracy":0.45794392523364486,"_timestamp":1.7452574133012917e+09,"XGBoost_Accuracy":0.4766355140186916,"XGBoost_F1":0.45002010999811987,"XGBoost_Precision":0.4554739652870494,"KNN_Precision":0.32099585265096264,"_step":5,"feature_dim":120,"SVM_Accuracy":0.308411214953271,"SVM_F1":0.26579335568514123,"LP_n100_best_accuracy":0.514018691588785,"LP_n120_best_accuracy":0.514018691588785,"RandomForest_F1":0.45375358866287946,"LogisticRegression_Precision":0.3793404079275437,"lp_segments":120,"RandomForest_Precision":0.4584693466887269,"feature_type":"LP_Residual","SVM_Precision":0.3794041177710631,"KNN_Recall":0.308411214953271,"SVM_Recall":0.308411214953271,"LP_n60_best_accuracy":0.5514018691588785,"LP_n80_best_accuracy":0.5046728971962616,"XGBoost_Recall":0.4766355140186916,"LogisticRegression_F1":0.3203653337683024,"_wandb":{"runtime":140},"RandomForest_Recall":0.514018691588785,"_runtime":119.8678168,"LogisticRegression_Accuracy":0.35514018691588783,"LogisticRegression_Recall":0.35514018691588783,"RandomForest_Accuracy":0.514018691588785,"KNN_F1":0.26736378718140563,"KNN_Accuracy":0.308411214953271}