{"LogisticRegression_Precision":0.4755799890049478,"lp_dim":95,"_timestamp":1.745260043533605e+09,"RandomForest_F1":0.5350161210459315,"_runtime":66.7930257,"_wandb":{"runtime":66},"RandomForest_Recall":0.5887850467289719,"SVM_F1":0.49235924382556673,"rcc_dim":156,"RandomForest_Accuracy":0.5887850467289719,"KNN_F1":0.4092497712540503,"XGBoost_Accuracy":0.6448598130841121,"LogisticRegression_F1":0.45594664714072536,"KNN_Precision":0.4591845243714402,"LogisticRegression_Recall":0.45794392523364486,"XGBoost_Recall":0.6448598130841121,"dataset_size":535,"mfcc_dim":390,"total_dim":656,"SVM_Precision":0.4940068197381353,"KNN_Recall":0.4485981308411215,"Combined_best_accuracy":0.6448598130841121,"_step":0,"XGBoost_F1":0.6385828418810116,"RandomForest_Precision":0.5976016104643749,"XGBoost_Precision":0.6506135388168794,"SVM_Accuracy":0.4953271028037383,"SVM_Recall":0.4953271028037383,"KNN_Accuracy":0.4485981308411215,"gvv_dim":15,"LogisticRegression_Accuracy":0.45794392523364486,"feature_type":"Combined"}