{"n_segments":105,"RandomForest_F1":0.39591358063045806,"SVM_Precision":0.4517298465690439,"MFCC_n95_best_accuracy":0.5046728971962616,"MFCC_n25_best_accuracy":0.4953271028037383,"SVM_F1":0.4312786864958387,"LogisticRegression_Accuracy":0.3925233644859813,"SVM_Accuracy":0.4485981308411215,"RandomForest_Recall":0.4766355140186916,"_timestamp":1.7452585920165622e+09,"MFCC_n90_best_accuracy":0.4392523364485981,"RandomForest_Precision":0.5265017665127616,"_runtime":420.5774838,"MFCC_n50_best_accuracy":0.45794392523364486,"MFCC_n40_best_accuracy":0.514018691588785,"LogisticRegression_Precision":0.39438526167498134,"SVM_Recall":0.4485981308411215,"MFCC_n45_best_accuracy":0.514018691588785,"MFCC_n5_best_accuracy":0.5327102803738317,"MFCC_n35_best_accuracy":0.4766355140186916,"LogisticRegression_F1":0.37275081101849467,"MFCC_n20_best_accuracy":0.45794392523364486,"MFCC_n65_best_accuracy":0.4672897196261682,"MFCC_n30_best_accuracy":0.514018691588785,"RandomForest_Accuracy":0.4766355140186916,"MFCC_n80_best_accuracy":0.48598130841121495,"MFCC_n60_best_accuracy":0.5046728971962616,"_step":20,"MFCC_n70_best_accuracy":0.5046728971962616,"MFCC_n75_best_accuracy":0.514018691588785,"MFCC_n85_best_accuracy":0.5514018691588785,"feature_type":"MFCC","XGBoost_Precision":0.4639013634340738,"_wandb":{"runtime":420},"XGBoost_Recall":0.4766355140186916,"XGBoost_F1":0.45205270597387626,"MFCC_n105_best_accuracy":0.4766355140186916,"KNN_Precision":0.27033772302463893,"LogisticRegression_Recall":0.3925233644859813,"MFCC_n15_best_accuracy":0.514018691588785,"MFCC_n100_best_accuracy":0.5046728971962616,"MFCC_n55_best_accuracy":0.5046728971962616,"feature_dim":4095,"XGBoost_Accuracy":0.4766355140186916,"KNN_Recall":0.29906542056074764,"KNN_F1":0.2527749279741409,"KNN_Accuracy":0.29906542056074764,"MFCC_n10_best_accuracy":0.5607476635514018}