{"GMM F1 Score":0.07989011145093897,"_timestamp":1.745253885261575e+09,"SVM Precision":0.35583843060478576,"n_segments":100,"GMM Accuracy":0.102803738317757,"_wandb":{"runtime":92},"SVM Recall":0.37383177570093457,"GMM Precision":0.10832009653626883,"SVM Accuracy":0.37383177570093457,"_runtime":92.0802176,"SVM F1 Score":0.34028944240049247,"GMM Recall":0.102803738317757,"_step":4}