{"LogisticRegression_Accuracy":0.5327102803738317,"SVM_F1":0.5053393655781727,"_step":0,"XGBoost_Precision":0.4874074523607234,"RandomForest_Recall":0.4392523364485981,"XGBoost_Accuracy":0.4953271028037383,"RandomForest_F1":0.3813634306558513,"_runtime":5.6127794,"_timestamp":1.7452567467663004e+09,"LogisticRegression_Recall":0.5327102803738317,"feature_type":"MFCC","XGBoost_F1":0.46912729995943925,"XGBoost_Recall":0.4953271028037383,"_wandb":{"runtime":7},"RandomForest_Precision":0.4985454914853534,"KNN_F1":0.41413812404295514,"SVM_Accuracy":0.5233644859813084,"SVM_Recall":0.5233644859813084,"LogisticRegression_F1":0.5348849748382459,"MFCC_n5_best_accuracy":0.5327102803738317,"RandomForest_Accuracy":0.4392523364485981,"feature_dim":195,"LogisticRegression_Precision":0.5484974117536833,"KNN_Accuracy":0.4392523364485981,"n_segments":5,"KNN_Recall":0.4392523364485981,"KNN_Precision":0.4389311352334513,"SVM_Precision":0.5193894890156573}