{"RandomForest_Recall":0.5046728971962616,"RandomForest_F1":0.450608678749188,"_timestamp":1.7452590184970455e+09,"_wandb":{"runtime":137},"KNN_Accuracy":0.3177570093457944,"feature_type":"LP_Residual","XGBoost_Recall":0.5046728971962616,"XGBoost_F1":0.4919473424749276,"RandomForest_Precision":0.5513911268664733,"KNN_Recall":0.3177570093457944,"KNN_Precision":0.28591378543038226,"SVM_Accuracy":0.29906542056074764,"feature_dim":110,"LP_n95_best_accuracy":0.5327102803738317,"RandomForest_Accuracy":0.5046728971962616,"LP_n80_best_accuracy":0.5046728971962616,"SVM_F1":0.22807830121930078,"KNN_F1":0.267893691337716,"LP_n35_best_accuracy":0.4392523364485981,"LP_n20_best_accuracy":0.4392523364485981,"_step":6,"XGBoost_Precision":0.49799685283322914,"LogisticRegression_Precision":0.27723475355054306,"LogisticRegression_Accuracy":0.2897196261682243,"XGBoost_Accuracy":0.5046728971962616,"LogisticRegression_Recall":0.2897196261682243,"lp_segments":110,"LP_n50_best_accuracy":0.5046728971962616,"SVM_Precision":0.23501591866077848,"LP_n110_best_accuracy":0.5046728971962616,"_runtime":137.0147277,"LogisticRegression_F1":0.23861269206900623,"SVM_Recall":0.29906542056074764,"LP_n65_best_accuracy":0.48598130841121495}